TIME TABLE FOR Spring 2019 SEMESTER [CS Department] <V1.8>,,,,,,,,,,,,,,,,,,,,,,,,,,,,,,,,,,,,,,,,,,,,,,,,,,,,,,,,,,,,,,,,,,,,,,,,,,,,,,,,,,,,,,,,,,,,,,,
0,,,,,,,,,,,,,,,,,,,,,,,,,,,,,,,,,,,,,,,,,,,,,,,,,,,,,,,,,,,,,,,,,,,,,,,,,,,,,,,,,,,,,,,,,,,,,,,
Periods,,10,20,30,40,50,60,10,20,30,40,50,60,10,20,30,40,50,60,10,20,30,40,50,60,10,20,30,40,50,60,10,20,30,40,50,60,10,20,30,40,50,60,10,20,30,40,50,60,10,20,30,40,50,60,10,20,30,40,50,60,10,20,30,40,50,60,10,20,30,40,50,60,10,20,30,40,50,60,10,20,30,40,50,60,10,20,30,10,20,30,40,50,60,30
Days,Room,8:00 a.m.,,,,,,,,,9:30am,,,,,,,,,11:00 a.m.,,,,,,,,,12:30pm,,,,,,,,,2:00 p.m.,,,,,,,,,3:30pm,,,,,,,,,5:00 p.m.,,,,,,,,,6:30pm,,,,,,,,,8:00 p.m.,,,,,,7:00 p.m.,,,,,,8:00 p.m.,,,7:00 p.m.,,,,,,8:00 p.m.
Monday,CS-1,Machine Learning (MS-DS),,,,,,,,,Advanced Programming (CS),,,,,,,,,Computational Intelligence (MS),,,,,,,,,Data Sceince (MS),,,,,,,,,--------------------------------------------,,,,,,,,,________________________________,,,,,,,,,Design Pattern (MS-SPM),,,,,,,,,______________________________,,,,,,,,,,,,,,,,,,,,,,,,,,,,,,
,CS-2,______________________,,,,,,,,,________________________,,,,,,,,,Software Testing (CS-A),,,,,,,,,Human Computer Interaction (CS-F),,,,,,,,,Human Computer Interaction (CS-C),,,,,,,,,_______________________________,,,,,,,,,Research Meeting – Dr. Zeeshan Ali Rana,,,,,,,,,______________________________,,,,,,,,,,,,,,,,,,,,,,,,,,,,,,
,CS-3,Technical & Business Writing (CS-C),,,,,,,,,Numerical Methods (CS-B),,,,,,,,,Computer Architecture (CS-B),,,,,,,,,Numerical Methods (CS-A),,,,,,,,,Computer Architecture (CS-A),,,,,,,,,Differential Equations (Cal II) (CS-F),,,,,,,,,______________________________,,,,,,,,,______________________________,,,,,,,,,,,,,,,,,,,,,,,,,,,,,,
,CS-4,______________________,,,,,,,,,________________________,,,,,,,,,_________________________,,,,,,,,,Software for Mobile Devices (CS-A),,,,,,,,,_____________________________,,,,,,,,,Software for Mobile Devices (CS-B),,,,,,,,,_______________________________,,,,,,,,,______________________________,,,,,,,,,,,,,,,,,,,,,,,,,,,,,,
,CS-5,Mass Communication (CS),,,,,,,,,________________________,,,,,,,,,_________________________,,,,,,,,,Comp. Org. & Assembly L. (CS-C),,,,,,,,,_____________________________,,,,,,,,,Pakistan Studies (CS-B),,,,,,,,,______________________________,,,,,,,,,______________________________,,,,,,,,,,,,,,,,,,,,,,,,,,,,,,
,CS-6,Applied Physics (CS-H),,,,,,,,,Applied Physics (CS-G),,,,,,,,,Calculus and Ana. Geometry (CS-G),,,,,,,,,Calculus and Ana. Geometry (CS-H),,,,,,,,,____________________________,,,,,,,,,______________________________,,,,,,,,,____________________________,,,,,,,,,______________________________,,,,,,,,,,,,,,,,,,,,,,,,,,,,,,
,CS-7,Professional Issues in IT (CS-A),,,,,,,,,Professional Issues in IT (CS-B),,,,,,,,,Comp. Org. & Assembly L. (CS-A),,,,,,,,,Comp. Org. & Assembly L. (CS-B),,,,,,,,,French Language (CS-A),,,,,,,,,French Language (CS-B),,,,,,,,,___________________________,,,,,,,,,______________________________,,,,,,,,,,,,,,,,,,,,,,,,,,,,,,
,CS-8,Numerical Methods (CS-C),,,,,,,,,_________________________,,,,,,,,,Design & Analysis of Algorithms (CS-C),,,,,,,,,Design & Analysis of Algorithms (CS-D),,,,,,,,,Sociology (CS-B),,,,,,,,,Sociology (CS-A),,,,,,,,,_______________________________,,,,,,,,,______________________________,,,,,,,,,,,,,,,,,,,,,,,,,,,,,,
,CS-9,Total Quality Management (CS),,,,,,,,,Database Systems (CS-A),,,,,,,,,Database Systems (CS-B),,,,,,,,,Design & Analysis of Algorithms (CS-E),,,,,,,,,Network Security (CS),,,,,,,,,Database Systems (CS-E),,,,,,,,,______________________________,,,,,,,,,______________________________,,,,,,,,,,,,,,,,,,,,,,,,,,,,,,
,CS-10,Digital Logic Design (CS-B) ,,,,,,,,,Database Systems (CS-C),,,,,,,,,Database Systems (CS-D),,,,,,,,,Fundamental of Computer Vision (CS-B),,,,,,,,,____________________________,,,,,,,,,Fundamental of Computer Vision (CS-A),,,,,,,,,____________________________,,,,,,,,,______________________________,,,,,,,,,,,,,,,,,,,,,,,,,,,,,,
,CS-11,Software for Mobile Devices (CS-D),,,,,,,,,Software for Mobile Devices (CS-C),,,,,,,,,Object Oriented  Analysis & Design (CS-A),,,,,,,,,________________________________,,,,,,,,,Object Oriented  Analysis & Design (CS-B),,,,,,,,,Differential Equations (CS-C),,,,,,,,,___________________________,,,,,,,,,______________________________,,,,,,,,,,,,,,,,,,,,,,,,,,,,,,
,CS-15,Arabic Language (CS),,,,,,,,,Digital Logic Design (CS-A) ,,,,,,,,,Digital Logic Design (CS-C) ,,,,,,,,,Differential Equations (CS-A),,,,,,,,,Psychology (CS),,,,,,,,,Differential Equations (CS-B),,,,,,,,,_______________________________,,,,,,,,,______________________________,,,,,,,,,,,,,,,,,,,,,,,,,,,,,,
,CS-16,Technical & Business Writing (CS-A),,,,,,,,,Technical & Business Writing (CS-F),,,,,,,,,Communication & Presentation Skills   (CS-B1),,,,,,,,,__________________________________,,,,,,,,,Communication & Presentation Skills   (CS-A1),,,,,,,,,______________________________,,,,,,,,,______________________________,,,,,,,,,______________________________,,,,,,,,,,,,,,,,,,,,,,,,,,,,,,
,Seminar Hall,Programming Fundamentals (CS-I),,,,,,,,,_____________________________,,,,,,,,,Communication & Presentation Skills   (CS-B2),,,,,,,,,_________________________________,,,,,,,,,Communication & Presentation Skills   (CS-A2),,,,,,,,,_______________________________,,,,,,,,,____________________________,,,,,,,,,______________________________,,,,,,,,,,,,,,,,,,,,,,,,,,,,,,
,CE-2,__________________________,,,,,,,,,Theory of Automata (CS-A),,,,,,,,,Theory of Automata (CS-B),,,,,,,,,__________________________________,,,,,,,,,_____________________________________,,,,,,,,,______________________________,,,,,,,,,___________________________,,,,,,,,,______________________________,,,,,,,,,,,,,,,,,,,,,,,,,,,,,,
,CE-3,_____________________________,,,,,,,,,Differential Equations (Cal II) (CS-C),,,,,,,,,Differential Equations (Cal II) (CS-D),,,,,,,,,__________________________________,,,,,,,,,______________________________________,,,,,,,,,____________________________,,,,,,,,,______________________________,,,,,,,,,______________________________,,,,,,,,,,,,,,,,,,,,,,,,,,,,,,
,English Lab-I,________________________________,,,,,,,,,,,,,,,,,,________________________________,,,,,,,,,,,,,,,,,,_____________________________________,,,,,,,,,,,,,,,,,,______________________________,,,,,,,,,,,,,,,,,,,,,,,,,,,,,,,,,,,,,,,
,English Lab-II,________________________________,,,,,,,,,,,,,,,,,,________________________________,,,,,,,,,,,,,,,,,,______________________________________,,,,,,,,,,,,,,,,,,______________________________,,,,,,,,,,,,,,,,,,,,,,,,,,,,,,,,,,,,,,,
,Lab(CS-1),Object Oriented Programming Lab (CS-E1&CS-E2),,,,,,,,,,,,,,,,,,Object Oriented Programming Lab (CS-F1&CS-F2),,,,,,,,,,,,,,,,,,Object Oriented Programming Lab (CS-C1&CS-C2),,,,,,,,,,,,,,,,,,______________________________,,,,,,,,,,,,,,,,,,,,,,,,,,,,,,,,,,,,,,,
,Lab(CS-4),____________________________________,,,,,,,,,,,,,,,,,,_________________________________,,,,,,,,,,,,,,,,,,_____________________________________,,,,,,,,,,,,,,,,,,____________________________,,,,,,,,,,,,,,,,,,,,,,,,,,,,,,,,,,,,,,,
,Lab(CS-6),Object Oriented Analysis & Design Lab (CS-B1&CS-B2),,,,,,,,,,,,,,,,,,_________________________________,,,,,,,,,,,,,,,,,,Programming Fundamentals Lab (CS-H1&CS-H2),,,,,,,,,,,,,,,,,,___________________________,,,,,,,,,,,,,,,,,,,,,,,,,,,,,,,,,,,,,,,
,Lab(CS-9),________________________________,,,,,,,,,,,,,,,,,,________________________________,,,,,,,,,,,,,,,,,,_____________________________________,,,,,,,,,,,,,,,,,,______________________________,,,,,,,,,,,,,,,,,,,,,,,,,,,,,,,,,,,,,,,
,Lab(CS-10),________________________________,,,,,,,,,,,,,,,,,,_________________________________,,,,,,,,,,,,,,,,,,Object Oriented Programming Lab (CS-D1&CS-D2),,,,,,,,,,,,,,,,,,_______________________________,,,,,,,,,,,,,,,,,,,,,,,,,,,,,,,,,,,,,,,
,Physics Lab,Digital Logic Design Lab (CS-D1) ,,,,,,,,,,,,,,,,,,_________________________________,,,,,,,,,,,,,,,,,,Digital Logic Design Lab (CS-E1) ,,,,,,,,,,,,,,,,,,______________________________,,,,,,,,,,,,,,,,,,,,,,,,,,,,,,,,,,,,,,,
,Micro Lab,Digital Logic Design Lab (CS-D2) ,,,,,,,,,,,,,,,,,,________________________________,,,,,,,,,,,,,,,,,,Digital Logic Design Lab (CS-E2) ,,,,,,,,,,,,,,,,,,____________________________,,,,,,,,,,,,,,,,,,,,,,,,,,,,,,,,,,,,,,,
,________________________________,,,,,,,,,,________________________________,,,,,,,,,________________________________,,,,,,,,,________________________________,,,,,,,,,________________________________,,,,,,,,,________________________________,,,,,,,,,___________________________,,,,,,,,,______________________________,,,,,,,,,,,,,,,,,,,,,,,,,,,,,,
,______________________,,,,,,,,,,______________________,,,,,,,,,________________________________,,,,,,,,,________________________________,,,,,,,,,________________________________,,,,,,,,,______________________,,______________________,,,,,,,___________________________________,,,,,,,,,______________________________,,,,,,,,,,,,,,,,,,,,,,,,,,,,,,
,______________________,,,,,,,,,,______________________,,,,,,,,,________________________________,,,,,,,,,________________________________,,,,,,,,,________________________________,,,,,,,,,______________________,,______________________,,,,,,,___________________________________,,,,,,,,,______________________________,,,,,,,,,,,,,,,,,,,,,,,,,,,,,,
Tuesday,CS-1,______________________,,,,,,,,,______________________,,,,,,,,,Cloud Computing (MS),,,,,,,,,Theory of Automata - II (MS),,,,,,,,,Advanced Computer Architecture (MS),,,,,,,,,________________________________,,,,,,,,,______________________________,,,,,,,,,______________________________,,,,,,,,,,,,,,,,,,,,,,,,,,,,,,
,CS-2,Computer Networks (CS-B),,,,,,,,,Computer Networks (CS-A),,,,,,,,,Communication & Presentation Skills  (CS-C2),,,,,,,,,________________________________,,,,,,,,,Social Network Analysis (MS-DS),,,,,,,,,Technical & Business Writing (CS-B),,,,,,,,,_______________________________,,,,,,,,,______________________________,,,,,,,,,,,,,,,,,,,,,,,,,,,,,,
,CS-3,______________________,,,,,,,,,Computer Programming (CS),,,,,,,,,Operating Systems (CS-C),,,,,,,,,Operating Systems (CS-D),,,,,,,,,Design & Analysis of Algorithms (CS-B),,,,,,,,,Enterprise Information System (CS),,,,,,,,,________________________________,,,,,,,,,______________________________,,,,,,,,,,,,,,,,,,,,,,,,,,,,,,
,CS-4,______________________,,,,,,,,,Data Structures (CS-A),,,,,,,,,Data Structures (CS-B),,,,,,,,,Operating Systems (CS-E),,,,,,,,,Professional Issues in IT (CS-C),,,,,,,,,Philosophy (CS),,,,,,,,,________________________________,,,,,,,,,______________________________,,,,,,,,,,,,,,,,,,,,,,,,,,,,,,
,CS-5,Differential Equations (Cal II) (CS-A),,,,,,,,,Data Structures (CS-C),,,,,,,,,Differential Equations (Cal II) (CS-B),,,,,,,,,Operating Systems (CS-A),,,,,,,,,Operating Systems (CS-B),,,,,,,,,Organizational Behavior (CS),,,,,,,,,________________________________,,,,,,,,,______________________________,,,,,,,,,,,,,,,,,,,,,,,,,,,,,,
,CS-6,Technical & Business Writing (CS-E),,,,,,,,,Programming Fundamentals (CS-G),,,,,,,,,Programming Fundamentals (CS-H),,,,,,,,,Data Science (CS-A),,,,,,,,,Data Science (CS-B),,,,,,,,,Compiler Construction (CS),,,,,,,,,________________________________,,,,,,,,,______________________________,,,,,,,,,,,,,,,,,,,,,,,,,,,,,,
,CS-7,______________________,,,,,,,,,______________________,,,,,,,,,Design & Analysis of Algorithms (CS-A),,,,,,,,,Pakistan Studies (CS-D),,,,,,,,,Pakistan Studies (CS-C),,,,,,,,,Entrepreneurship (CS),,,,,,,,,________________________________,,,,,,,,,______________________________,,,,,,,,,,,,,,,,,,,,,,,,,,,,,,
,CS-8,Technical & Business Writing (CS-D),,,,,,,,,Web Programming (CS-A),,,,,,,,,Web Programming (CS-B),,,,,,,,,Digital Logic Design (CS-E) ,,,,,,,,,Digital Logic Design (CS-F) ,,,,,,,,,Pakistan Studies (CS-F),,,,,,,,,________________________________,,,,,,,,,______________________________,,,,,,,,,,,,,,,,,,,,,,,,,,,,,,
,CS-9,Software Testing (CS-B),,,,,,,,,Artificial Intelligence (CS-B),,,,,,,,,Advance Database Concepts (CS),,,,,,,,,Artificial Intelligence (CS-A),,,,,,,,,Object Oriented Programming (CS-B),,,,,,,,,Artificial Intelligence (CS-E),,,,,,,,,________________________________,,,,,,,,,______________________________,,,,,,,,,,,,,,,,,,,,,,,,,,,,,,
,CS-10,Artificial Intelligence (CS-C),,,,,,,,,Artificial Intelligence (CS-D),,,,,,,,,Numerical Methods (CS-D),,,,,,,,,Information Retrieval (CS),,,,,,,,,Human Computer Interaction (CS-D),,,,,,,,,Artificial Intelligence (CS-F),,,,,,,,,________________________________,,,,,,,,,______________________________,,,,,,,,,,,,,,,,,,,,,,,,,,,,,,
,CS-11,______________________,,,,,,,,,______________________,,,,,,,,,Object Oriented Programming (CS-A),,,,,,,,,Human Computer Interaction (CS-B),,,,,,,,,Human Computer Interaction (CS-A),,,,,,,,,________________________________,,,,,,,,,________________________________,,,,,,,,,______________________________,,,,,,,,,,,,,,,,,,,,,,,,,,,,,,
,CS-15,Pakistan Studies (CS-E),,,,,,,,,Software Engineering (CS-B),,,,,,,,,Software Engineering (CS-A),,,,,,,,,Digital Logic Design (CS-H) ,,,,,,,,,Digital Logic Design (CS-G) ,,,,,,,,,________________________________,,,,,,,,,________________________________,,,,,,,,,______________________________,,,,,,,,,,,,,,,,,,,,,,,,,,,,,,
,CS-16,Digital Logic Design (CS-D) ,,,,,,,,,______________________,,,,,,,,,Communication & Presentation Skills  (CS-C1),,,,,,,,,________________________________,,,,,,,,,Communication & Presentation Skills (CS-D1),,,,,,,,,________________________________,,,,,,,,,________________________________,,,,,,,,,______________________________,,,,,,,,,,,,,,,,,,,,,,,,,,,,,,
,Seminar Hall,"Research Methodology (MS-A & MS-B)",,,,,,,,,______________________,,,,,,,,,Programming Fundamentals (CS-I),,,,,,,,,Human Computer Interaction (CS-E),,,,,,,,,Communication & Presentation Skills  (CS-D2),,,,,,,,,________________________________,,,,,,,,,________________________________,,,,,,,,,______________________________,,,,,,,,,,,,,,,,,,,,,,,,,,,,,,
,CE-3,Pakistan Studies (CS-H),,,,,,,,,Differential Equations (Cal II) (CS-E),,,,,,,,,________________________________,,,,,,,,,________________________________,,,,,,,,,______________________,______________________,,,,,,,,______________________,______________________,,,,,,,,________________________________,,,,,,,,,______________________________,,,,,,,,,,,,,,,,,,,,,,,,,,,,,,
,English Lab-I,________________________________,,,,,,,,,,,,,,,,,,________________________________,,,,,,,,,,,,,,,,,,________________________________,,,,,,,,,,,,,,,,,,________________________________,,,,,,,,,,,,,,,,,,,,,,,,,,,,,,,,,,,,,,,
,English Lab-II,________________________________,,,,,,,,,,,,,,,,,,________________________________,,,,,,,,,,,,,,,,,,________________________________,,,,,,,,,,,,,,,,,,________________________________,,,,,,,,,,,,,,,,,,,,,,,,,,,,,,,,,,,,,,,
,Lab(CS-1),Database Systems Lab (CS-C1&CS-C2),,,,,,,,,,,,,,,,,,________________________________,,,,,,,,,,,,,,,,,,Object Oriented Programming Lab (CS-A1&CS-A2),,,,,,,,,,,,,,,,,,________________________________,,,,,,,,,,,,,,,,,,,,,,,,,,,,,,,,,,,,,,,
,Lab(CS-4),____________________________________________,,,,,,,,,,,,,,,,,,Design & Analysis of Algorithms (CS-F),,,,,,,,,,,,,,,,,,________________________________,,,,,,,,,,,,,,,,,,________________________________,,,,,,,,,,,,,,,,,,,,,,,,,,,,,,,,,,,,,,,
,Lab(CS-6),Database Systems Lab (CS-D1&CS-D2),,,,,,,,,,,,,,,,,,________________________________,,,,,,,,,,,,,,,,,,________________________________,,,,,,,,,,,,,,,,,,________________________________,,,,,,,,,,,,,,,,,,,,,,,,,,,,,,,,,,,,,,,
,Lab(CS-9),Operating Systems Lab (CS-A1&CS-A2),,,,,,,,,,,,,,,,,,________________________________,,,,,,,,,,,,,,,,,,________________________________,,,,,,,,,,,,,,,,,,________________________________,,,,,,,,,,,,,,,,,,,,,,,,,,,,,,,,,,,,,,,
,Lab(CS-10),Operating Systems Lab (CS-B1&CS-B2),,,,,,,,,,,,,,,,,,________________________________,,,,,,,,,,,,,,,,,,________________________________,,,,,,,,,,,,,,,,,,________________________________,,,,,,,,,,,,,,,,,,,,,,,,,,,,,,,,,,,,,,,
,Physics Lab,Digital Logic Design Lab (CS-F1) ,,,,,,,,,,,,,,,,,,Digital Logic Design Lab (CS-G2) ,,,,,,,,,,,,,,,,,,________________________________,,,,,,,,,,,,,,,,,,________________________________,,,,,,,,,,,,,,,,,,,,,,,,,,,,,,,,,,,,,,,
,Micro Lab,Digital Logic Design Lab (CS-F2) ,,,,,,,,,,,,,,,,,,________________________________,,,,,,,,,,,,,,,,,,________________________________,,,,,,,,,,,,,,,,,,________________________________,,,,,,,,,,,,,,,,,,,,,,,,,,,,,,,,,,,,,,,
,______________________,,,,,,,,,,______________________,,,,,,,,,________________________________,,,,,,,,,______________________,______________________,________________,_______,,,,,,________________________________,,,,,,,,,______________________,,______________________,,,,,,,___________________________________,,,,,,,,,______________________________,,,,,,,,,,,,,,,,,,,,,,,,,,,,,,
,______________________,,,,,,,,,,______________________,,,,,,,,,________________________________,,,,,,,,,______________________,______________________,________________,_______,,,,,,________________________________,,,,,,,,,______________________,,______________________,,,,,,,___________________________________,,,,,,,,,______________________________,,,,,,,,,,,,,,,,,,,,,,,,,,,,,,
,______________________,,,,,,,,,,______________________,,,,,,,,,________________________________,,,,,,,,,______________________,______________________,________________,_______,,,,,,________________________________,,,,,,,,,______________________,,______________________,,,,,,,___________________________________,,,,,,,,,______________________________,,,,,,,,,,,,,,,,,,,,,,,,,,,,,,
,______________________,,,,,,,,,,______________________,,,,,,,,,________________________________,,,,,,,,,______________________,______________________,________________,_______,,,,,,________________________________,,,,,,,,,______________________,,______________________,,,,,,,___________________________________,,,,,,,,,______________________________,,,,,,,,,,,,,,,,,,,,,,,,,,,,,,
Wednesday,CS-1,Machine Learning (MS-DS),,,,,,,,,Advanced Programming (CS),,,,,,,,,Computational Intelligence (MS),,,,,,,,,Data Sceince (MS),,,,,,,,,Natural Language Processing (MS),,,,,,,,,________________________________,,,,,,,,,Software Process Management and Metrics (MS-SPM),,,,,,,,,______________________________,,,,,,,,,,,,,,,,,,,,,,,,,,,,,,
,CS-2,Advance Computer Networks (MS),,,,,,,,,______________________,,,,,,,,,Software Testing (CS-A),,,,,,,,,Human Computer Interaction (CS-F),,,,,,,,,Human Computer Interaction (CS-C),,,,,,,,,________________________________,,,,,,,,,________________________________,,,,,,,,,______________________________,,,,,,,,,,,,,,,,,,,,,,,,,,,,,,
,CS-3,Technical & Business Writing (CS-C),,,,,,,,,Numerical Methods (CS-B),,,,,,,,,Computer Architecture (CS-B),,,,,,,,,Numerical Methods (CS-A),,,,,,,,,Computer Architecture (CS-A),,,,,,,,,Differential Equations (Cal II) (CS-F),,,,,,,,,________________________________,,,,,,,,,______________________________,,,,,,,,,,,,,,,,,,,,,,,,,,,,,,
,CS-4,______________________,,,,,,,,,Object Oriented Programming (CS-F),,,,,,,,,Object Oriented Programming (CS-E),,,,,,,,,Software for Mobile Devices (CS-A),,,,,,,,,________________________________,,,,,,,,,Software for Mobile Devices (CS-B),,,,,,,,,________________________________,,,,,,,,,______________________________,,,,,,,,,,,,,,,,,,,,,,,,,,,,,,
,CS-5,Mass Communication (CS),,,,,,,,,Object Oriented Programming (CS-C),,,,,,,,,Object Oriented Programming (CS-D),,,,,,,,,Comp. Org. & Assembly L. (CS-C),,,,,,,,,________________________________,,,,,,,,,Pakistan Studies (CS-B),,,,,,,,,________________________________,,,,,,,,,______________________________,,,,,,,,,,,,,,,,,,,,,,,,,,,,,,
,CS-6,Applied Physics (CS-H),,,,,,,,,Applied Physics (CS-G),,,,,,,,,Calculus and Ana. Geometry (CS-G),,,,,,,,,Calculus and Ana. Geometry (CS-H),,,,,,,,,________________________________,,,,,,,,,________________________________,,,,,,,,,________________________________,,,,,,,,,______________________________,,,,,,,,,,,,,,,,,,,,,,,,,,,,,,
,CS-7,Professional Issues in IT (CS-A),,,,,,,,,Professional Issues in IT (CS-B),,,,,,,,,Comp. Org. & Assembly L. (CS-A),,,,,,,,,Comp. Org. & Assembly L. (CS-B),,,,,,,,,French Language (CS-A),,,,,,,,,French Language (CS-B),,,,,,,,,________________________________,,,,,,,,,______________________________,,,,,,,,,,,,,,,,,,,,,,,,,,,,,,
,CS-8,Numerical Methods (CS-C),,,,,,,,,______________________,,,,,,,,,Design & Analysis of Algorithms (CS-C),,,,,,,,,Design & Analysis of Algorithms (CS-D),,,,,,,,,Sociology (CS-B),,,,,,,,,Sociology (CS-A),,,,,,,,,________________________________,,,,,,,,,______________________________,,,,,,,,,,,,,,,,,,,,,,,,,,,,,,
,CS-9,______________________,,,,,,,,,Database Systems (CS-A),,,,,,,,,Database Systems (CS-B),,,,,,,,,Design & Analysis of Algorithms (CS-E),,,,,,,,,Network Security (CS),,,,,,,,,Database Systems (CS-E),,,,,,,,,________________________________,,,,,,,,,______________________________,,,,,,,,,,,,,,,,,,,,,,,,,,,,,,
,CS-10,Digital Logic Design (CS-B) ,,,,,,,,,Database Systems (CS-C),,,,,,,,,Database Systems (CS-D),,,,,,,,,Fundamental of Computer Vision (CS-B),,,,,,,,,________________________________,,,,,,,,,Fundamental of Computer Vision (CS-A),,,,,,,,,________________________________,,,,,,,,,______________________________,,,,,,,,,,,,,,,,,,,,,,,,,,,,,,
,CS-11,Software for Mobile Devices (CS-D),,,,,,,,,Software for Mobile Devices (CS-C),,,,,,,,,Object Oriented  Analysis & Design (CS-A),,,,,,,,,______________________,,,,,,,,,Object Oriented  Analysis & Design (CS-B),,,,,,,,,Differential Equations (CS-C),,,,,,,,,________________________________,,,,,,,,,______________________________,,,,,,,,,,,,,,,,,,,,,,,,,,,,,,
,CS-15,Arabic Language (CS),,,,,,,,,Digital Logic Design (CS-A) ,,,,,,,,,Digital Logic Design (CS-C) ,,,,,,,,,Differential Equations (CS-A),,,,,,,,,Psychology (CS),,,,,,,,,Differential Equations (CS-B),,,,,,,,,________________________________,,,,,,,,,______________________________,,,,,,,,,,,,,,,,,,,,,,,,,,,,,,
,CS-16,Technical & Business Writing (CS-A),,,,,,,,,Technical & Business Writing (CS-F),,,,,,,,,Communication & Presentation Skills  (CS-F1),,,,,,,,,______________________,,,,,,,,,Communication & Presentation Skills  (CS-H1),,,,,,,,,________________________________,,,,,,,,,________________________________,,,,,,,,,______________________________,,,,,,,,,,,,,,,,,,,,,,,,,,,,,,
,Seminar Hall,,______________________,,,,,,,,______________________,,,,,,,,,Communication & Presentation Skills  (CS-F2),,,,,,,,,______________________,,,,,,,,,Communication & Presentation Skills  (CS-H2),,,,,,,,,________________________________,,,,,,,,,________________________________,,,,,,,,,______________________________,,,,,,,,,,,,,,,,,,,,,,,,,,,,,,
,CE-2,Pakistan Studies (CS-G),,,,,,,,,Theory of Automata (CS-A),,,,,,,,,Theory of Automata (CS-B),,,,,,,,,______________________,,,,,,,,,________________________________,,,,,,,,,________________________________,,,,,,,,,________________________________,,,,,,,,,______________________________,,,,,,,,,,,,,,,,,,,,,,,,,,,,,,
,CE-3,Pakistan Studies (CS-A),,,,,,,,,______________________,,,,,,,,,Modern Politics & Government (CS),,,,,,,,,______________________,,,,,,,,,________________________________,,,,,,,,,________________________________,,,,,,,,,________________________________,,,,,,,,,______________________________,,,,,,,,,,,,,,,,,,,,,,,,,,,,,,
,English Lab-I,________________________________,,,,,,,,,,,,,,,,,,________________________________,,,,,,,,,,,,,,,,,,________________________________,,,,,,,,,,,,,,,,,,________________________________,,,,,,,,,,,,,,,,,,,,,,,,,,,,,,,,,,,,,,,
,English Lab-II,________________________________,,,,,,,,,,,,,,,,,,________________________________,,,,,,,,,,,,,,,,,,________________________________,,,,,,,,,,,,,,,,,,________________________________,,,,,,,,,,,,,,,,,,,,,,,,,,,,,,,,,,,,,,,
,Lab(CS-1),________________________________,,,,,,,,,,,,,,,,,,Object Oriented Programming Lab (CS-B1&CS-B2),,,,,,,,,,,,,,,,,,Programming Fundamentals Lab (CS-G1&CS-G2),,,,,,,,,,,,,,,,,,________________________________,,,,,,,,,,,,,,,,,,,,,,,,,,,,,,,,,,,,,,,
,Lab(CS-4),________________________________,,,,,,,,,,,,,,,,,,________________________________,,,,,,,,,,,,,,,,,,________________________________,,,,,,,,,,,,,,,,,,________________________________,,,,,,,,,,,,,,,,,,,,,,,,,,,,,,,,,,,,,,,
,Lab(CS-6),________________________________,,,,,,,,,,,,,,,,,,________________________________,,,,,,,,,,,,,,,,,,________________________________,,,,,,,,,,,,,,,,,,________________________________,,,,,,,,,,,,,,,,,,,,,,,,,,,,,,,,,,,,,,,
,Lab(CS-9),________________________________,,,,,,,,,,,,,,,,,,________________________________,,,,,,,,,,,,,,,,,,________________________________,,,,,,,,,,,,,,,,,,________________________________,,,,,,,,,,,,,,,,,,,,,,,,,,,,,,,,,,,,,,,
,Lab(CS-10),________________________________,,,,,,,,,,,,,,,,,,______________________,,,,,,,,,,,,,,,,,,________________________________,,,,,,,,,,,,,,,,,,________________________________,,,,,,,,,,,,,,,,,,,,,,,,,,,,,,,,,,,,,,,
,Physics Lab,________________________________,,,,,,,,,,,,,,,,,,Digital Logic Design Lab (CS-A1) ,,,,,,,,,,,,,,,,,,Digital Logic Design Lab (CS-C1) ,,,,,,,,,,,,,,,,,,________________________________,,,,,,,,,,,,,,,,,,,,,,,,,,,,,,,,,,,,,,,
,Micro Lab,________________________________,,,,,,,,,,,,,,,,,,________________________________,,,,,,,,,,,,,,,,,,________________________________,,,,,,,,,,,,,,,,,,________________________________,,,,,,,,,,,,,,,,,,,,,,,,,,,,,,,,,,,,,,,
,______________________,,,,,,,,,,______________________,,,,,,,,,________________________________,,,,,,,,,______________________,,,,,,,,,________________________________,,,,,,,,,________________________________,,,,,,,,,________________________________,,,,,,,,,______________________________,,,,,,,,,,,,,,,,,,,,,,,,,,,,,,
,______________________,,,,,,,,,,______________________,,,,,,,,,________________________________,,,,,,,,,______________________,______________________,________________,_______,,,,,,________________________________,,,,,,,,,______________________,,______________________,,,,,,,___________________________________,,,,,,,,,______________________________,,,,,,,,,,,,,,,,,,,,,,,,,,,,,,
,______________________,,,,,,,,,,______________________,,,,,,,,,________________________________,,,,,,,,,______________________,______________________,________________,_______,,,,,,________________________________,,,,,,,,,______________________,,______________________,,,,,,,___________________________________,,,,,,,,,______________________________,,,,,,,,,,,,,,,,,,,,,,,,,,,,,,
Thursday,CS-1,______________________,,,,,,,,,Cloud Computing (MS),,,,,,,,,Digital Image Processing (CS),,,,,,,,,Theory of Automata - II (MS),,,,,,,,,Advanced Computer Architecture (MS),,,,,,,,,______________________,,,,,,,,,Requirement Engineering (MS-SPM),,,,,,,,,______________________________,,,,,,,,,,,,,,,,,,,,,,,,,,,,,,
,CS-2,Computer Networks (CS-B),,,,,,,,,Computer Networks (CS-A),,,,,,,,,Communication & Presentation Skills  (CS-G2),,,,,,,,,______________________,,,,,,,,,Social Network Analysis (MS-DS),,,,,,,,,Technical & Business Writing (CS-B),,,,,,,,,________________________________,,,,,,,,,______________________________,,,,,,,,,,,,,,,,,,,,,,,,,,,,,,
,CS-3,______________________,,,,,,,,,Computer Programming (CS),,,,,,,,,Operating Systems (CS-C),,,,,,,,,Operating Systems (CS-D),,,,,,,,,Design & Analysis of Algorithms (CS-B),,,,,,,,,Enterprise Information System (CS),,,,,,,,,________________________________,,,,,,,,,______________________________,,,,,,,,,,,,,,,,,,,,,,,,,,,,,,
,CS-4,______________________,,,,,,,,,Data Structures (CS-A),,,,,,,,,Data Structures (CS-B),,,,,,,,,Operating Systems (CS-E),,,,,,,,,Professional Issues in IT (CS-C),,,,,,,,,Philosophy (CS),,,,,,,,,________________________________,,,,,,,,,______________________________,,,,,,,,,,,,,,,,,,,,,,,,,,,,,,
,CS-5,Differential Equations (Cal II) (CS-A),,,,,,,,,Data Structures (CS-C),,,,,,,,,Differential Equations (Cal II) (CS-B),,,,,,,,,Operating Systems (CS-A),,,,,,,,,Operating Systems (CS-B),,,,,,,,,Organizational Behavior (CS),,,,,,,,,________________________________,,,,,,,,,______________________________,,,,,,,,,,,,,,,,,,,,,,,,,,,,,,
,CS-6,Technical & Business Writing (CS-E),,,,,,,,,Programming Fundamentals (CS-G),,,,,,,,,Programming Fundamentals (CS-H),,,,,,,,,Data Science (CS-A),,,,,,,,,Data Science (CS-B),,,,,,,,,Compiler Construction (CS),,,,,,,,,________________________________,,,,,,,,,______________________________,,,,,,,,,,,,,,,,,,,,,,,,,,,,,,
,CS-7,______________________,,,,,,,,,______________________,,,,,,,,,Design & Analysis of Algorithms (CS-A),,,,,,,,,Pakistan Studies (CS-D),,,,,,,,,Pakistan Studies (CS-C),,,,,,,,,Entrepreneurship (CS),,,,,,,,,________________________________,,,,,,,,,______________________________,,,,,,,,,,,,,,,,,,,,,,,,,,,,,,
,CS-8,Technical & Business Writing (CS-D),,,,,,,,,Web Programming (CS-A),,,,,,,,,Web Programming (CS-B),,,,,,,,,Digital Logic Design (CS-E) ,,,,,,,,,Digital Logic Design (CS-F) ,,,,,,,,,Pakistan Studies (CS-F),,,,,,,,,________________________________,,,,,,,,,______________________________,,,,,,,,,,,,,,,,,,,,,,,,,,,,,,
,CS-9,Software Testing (CS-B),,,,,,,,,Artificial Intelligence (CS-B),,,,,,,,,Advance Database Concepts (CS),,,,,,,,,Artificial Intelligence (CS-A),,,,,,,,,Object Oriented Programming (CS-B),,,,,,,,,Artificial Intelligence (CS-E),,,,,,,,,________________________________,,,,,,,,,______________________________,,,,,,,,,,,,,,,,,,,,,,,,,,,,,,
,CS-10,Artificial Intelligence (CS-C),,,,,,,,,Artificial Intelligence (CS-D),,,,,,,,,Numerical Methods (CS-D),,,,,,,,,Information Retrieval (CS),,,,,,,,,Human Computer Interaction (CS-D),,,,,,,,,Artificial Intelligence (CS-F),,,,,,,,,________________________________,,,,,,,,,______________________________,,,,,,,,,,,,,,,,,,,,,,,,,,,,,,
,CS-11,______________________,,,,,,,,,______________________,,,,,,,,,Object Oriented Programming (CS-A),,,,,,,,,Human Computer Interaction (CS-B),,,,,,,,,Human Computer Interaction (CS-A),,,,,,,,,______________________,,,,,,,,,________________________________,,,,,,,,,______________________________,,,,,,,,,,,,,,,,,,,,,,,,,,,,,,
,CS-15,Pakistan Studies (CS-E),,,,,,,,,Software Engineering (CS-B),,,,,,,,,Software Engineering (CS-A),,,,,,,,,Digital Logic Design (CS-H) ,,,,,,,,,Digital Logic Design (CS-G) ,,,,,,,,,______________________,,,,,,,,,________________________________,,,,,,,,,______________________________,,,,,,,,,,,,,,,,,,,,,,,,,,,,,,
,CS-16,Digital Logic Design (CS-D) ,,,,,,,,,______________________,,,,,,,,,Communication & Presentation Skills (CS-G1),,,,,,,,,______________________,,,,,,,,,Communication & Presentation Skills  (CS-E1),,,,,,,,,______________________,,,,,,,,,________________________________,,,,,,,,,______________________________,,,,,,,,,,,,,,,,,,,,,,,,,,,,,,
,Seminar Hall,______________________,,,,,,,,______________________,,,,,,,,,______________________,,,,,,,,,Human Computer Interaction (CS-E),,,,,,,,,Communication & Presentation Skills  (CS-E2),,,,,,,,,______________________,,,,,,,,,________________________________,,,,,,,,,______________________________,,,,,,,,,,,,,,,,,,,,,,,,,,,,,,
,CE-3,Pakistan Studies (CS-H),,,,,,,,,Differential Equations (Cal II) (CS-C),,,,,,,,,Differential Equations (Cal II) (CS-D),,,,,,,,,______________________,,,,,,,,,______________________,,,,,,,,,______________________,,,,,,,,,________________________________,,,,,,,,,______________________________,,,,,,,,,,,,,,,,,,,,,,,,,,,,,,
,English Lab-I,________________________________,,,,,,,,,,,,,,,,,,________________________________,,,,,,,,,,,,,,,,,,________________________________,,,,,,,,,,,,,,,,,,________________________________,,,,,,,,,,,,,,,,,,,,,,,,,,,,,,,,,,,,,,,
,English Lab-II,________________________________,,,,,,,,,,,,,,,,,,________________________________,,,,,,,,,,,,,,,,,,________________________________,,,,,,,,,,,,,,,,,,________________________________,,,,,,,,,,,,,,,,,,,,,,,,,,,,,,,,,,,,,,,
,Lab(CS-1),Database Systems Lab (CS-A1&CS-A2),,,,,,,,,,,,,,,,,,________________________________,,,,,,,,,,,,,,,,,,________________________________,,,,,,,,,,,,,,,,,,________________________________,,,,,,,,,,,,,,,,,,,,,,,,,,,,,,,,,,,,,,,
,Lab(CS-4),________________________________,,,,,,,,,,,,,,,,,,Design & Analysis of Algorithms (CS-F),,,,,,,,,,,,,,,,,,________________________________,,,,,,,,,,,,,,,,,,________________________________,,,,,,,,,,,,,,,,,,,,,,,,,,,,,,,,,,,,,,,
,Lab(CS-6),Database Systems Lab (CS-B1&CS-B2),,,,,,,,,,,,,,,,,,________________________________,,,,,,,,,,,,,,,,,,________________________________,,,,,,,,,,,,,,,,,,________________________________,,,,,,,,,,,,,,,,,,,,,,,,,,,,,,,,,,,,,,,
,Lab(CS-9),Operating Systems Lab (CS-C1&CS-C2),,,,,,,,,,,,,,,,,,________________________________,,,,,,,,,,,,,,,,,,________________________________,,,,,,,,,,,,,,,,,,________________________________,,,,,,,,,,,,,,,,,,,,,,,,,,,,,,,,,,,,,,,
,Lab(CS-10),Operating Systems Lab (CS-D1&CS-D2),,,,,,,,,,,,,,,,,,________________________________,,,,,,,,,,,,,,,,,,________________________________,,,,,,,,,,,,,,,,,,________________________________,,,,,,,,,,,,,,,,,,,,,,,,,,,,,,,,,,,,,,,
,Physics Lab,Digital Logic Design Lab (CS-B1) ,,,,,,,,,,,,,,,,,,Digital Logic Design Lab (CS-C2) ,,,,,,,,,,,,,,,,,,Digital Logic Design Lab (CS-A2) ,,,,,,,,,,,,,,,,,,________________________________,,,,,,,,,,,,,,,,,,,,,,,,,,,,,,,,,,,,,,,
,Micro Lab,Digital Logic Design Lab (CS-B2) ,,,,,,,,,,,,,,,,,,________________________________,,,,,,,,,,,,,,,,,,________________________________,,,,,,,,,,,,,,,,,,________________________________,,,,,,,,,,,,,,,,,,,,,,,,,,,,,,,,,,,,,,,
,______________________,,,,,,,,,,______________________,,,,,,,,,______________________,,,,,,,,,______________________,,,,,,,,,______________________,,,,,,,,,______________________,,,,,,,,,________________________________,,,,,,,,,______________________________,,,,,,,,,,,,,,,,,,,,,,,,,,,,,,
,______________________,,,,,,,,,,______________________,,,,,,,,,______________________,,______________________,,,,,,,______________________,______________________,________________,_______,,,,,,_________,______________________,,,,,,,,______________________,,______________________,,,,,,,___________________________________,,,,,,,,,______________________________,,,,,,,,,,,,,,,,,,,,,,,,,,,,,,
,______________________,,,,,,,,,,______________________,,,,,,,,,______________________,,______________________,,,,,,,______________________,______________________,________________,_______,,,,,,_________,______________________,,,,,,,,______________________,,______________________,,,,,,,___________________________________,,,,,,,,,______________________________,,,,,,,,,,,,,,,,,,,,,,,,,,,,,,
,______________________,,,,,,,,,,______________________,,,,,,,,,______________________,,______________________,,,,,,,______________________,______________________,________________,_______,,,,,,_________,______________________,,,,,,,,______________________,,______________________,,,,,,,___________________________________,,,,,,,,,______________________________,,,,,,,,,,,,,,,,,,,,,,,,,,,,,,
Friday,CS-1,______________________,,,,,,,,,______________________,,,,,,,,,Digital Image Processing (CS),,,,,,,,,______________________,,,,,,,,,Natural Language Processing (MS),,,,,,,,,______________________,,,,,,,,,Human Resource Management (MS-SPM),,,,,,,,,______________________________,,,,,,,,,,,,,,,,,,,,,,,,,,,,,,
,CS-2,Data Structure (section_x),,,,,,,,,Advance Operating Systems (MS),,,,,,,,,______________________,,,,,,,,,______________________,,,,,,,,,______________________,,,,,,,,,______________________,,,,,,,,,Software QA & Management (MS-SPM),,,,,,,,,______________________________,,,,,,,,,,,,,,,,,,,,,,,,,,,,,,
,CS-3,Data Structure (section_v),,,,,,,,,______________________,,,,,,,,,______________________,,,,,,,,,______________________,,,,,,,,,______________________,,,,,,,,,______________________,,,,,,,,,______________________,,,,,,,,,______________________________,,,,,,,,,,,,,,,,,,,,,,,,,,,,,,
,CS-4,______________________,,,,,,,,,Object Oriented Programming (CS-F),,,,,,,,,Object Oriented Programming (CS-E),,,,,,,,,______________________,,,,,,,,,______________________,,,,,,,,,______________________,,,,,,,,,______________________,,,,,,,,,______________________________,,,,,,,,,,,,,,,,,,,,,,,,,,,,,,
,CS-5,______________________,,,,,,,,,Object Oriented Programming (CS-C),,,,,,,,,Object Oriented Programming (CS-D),,,,,,,,,______________________,,,,,,,,,______________________,,,,,,,,,______________________,,,,,,,,,______________________,,,,,,,,,______________________________,,,,,,,,,,,,,,,,,,,,,,,,,,,,,,
,CS-6,______________________,,,,,,,,,______________________,,,,,,,,,______________________,,,,,,,,,______________________,,,,,,,,,______________________,,,,,,,,,______________________,,,,,,,,,______________________,,,,,,,,,______________________________,,,,,,,,,,,,,,,,,,,,,,,,,,,,,,
,CS-7,______________________,,,,,,,,,______________________,,,,,,,,,______________________,,,,,,,,,______________________,,,,,,,,,______________________,,,,,,,,,______________________,,,,,,,,,______________________,,,,,,,,,______________________________,,,,,,,,,,,,,,,,,,,,,,,,,,,,,,
,CS-8,______________________,,,,,,,,,______________________,,,,,,,,,______________________,,,,,,,,,______________________,,,,,,,,,______________________,,,,,,,,,______________________,,,,,,,,,______________________,,,,,,,,,______________________________,,,,,,,,,,,,,,,,,,,,,,,,,,,,,,
,CS-9,Total Quality Management (CS),,,,,,,,,______________________,,,,,,,,,______________________,,,,,,,,,______________________,,,,,,,,,______________________,,,,,,,,,______________________,,,,,,,,,______________________,,,,,,,,,______________________________,,,,,,,,,,,,,,,,,,,,,,,,,,,,,,
,CS-10,Big Data Analytics / Mining Massive Datasets (MS-DS),,,,,,,,,______________________,,,,,,,,,______________________,,,,,,,,,______________________,,,,,,,,,______________________,,,,,,,,,______________________,,,,,,,,,______________________,,,,,,,,,______________________________,,,,,,,,,,,,,,,,,,,,,,,,,,,,,,
,CS-11,______________________,,,,,,,,,______________________,,,,,,,,,______________________,,,,,,,,,______________________,,,,,,,,,______________________,,,,,,,,,______________________,,,,,,,,,______________________,,,,,,,,,______________________________,,,,,,,,,,,,,,,,,,,,,,,,,,,,,,
,CS-15,Research Project - I / II (MS-SPM),,,,,,,,,______________________,,,,,,,,,______________________,,,,,,,,,______________________,,,,,,,,,______________________,,,,,,,,,______________________,,,,,,,,,______________________,,,,,,,,,______________________________,,,,,,,,,,,,,,,,,,,,,,,,,,,,,,
,CS-16,______________________,,,,,,,,,______________________,,,,,,,,,______________________,,,,,,,,,______________________,,,,,,,,,______________________,,,,,,,,,______________________,,,,,,,,,______________________,,,,,,,,,______________________________,,,,,,,,,,,,,,,,,,,,,,,,,,,,,,
,Seminar Hall,,______________________,,,,,,,,______________________,,,,,,,,,______________________,,,,,,,,,______________________,,,,,,,,,______________________,,,,,,,,,______________________,,,,,,,,,______________________,,,,,,,,,______________________________,,,,,,,,,,,,,,,,,,,,,,,,,,,,,,
,CE-2,Pakistan Studies (CS-G),,,,,,,,,______________________,,,,,,,,,______________________,,,,,,,,,______________________,,,,,,,,,______________________,,,,,,,,,______________________,,,,,,,,,______________________,,,,,,,,,______________________________,,,,,,,,,,,,,,,,,,,,,,,,,,,,,,
,CE-3,Pakistan Studies (CS-A),,,,,,,,,Differential Equations (Cal II) (CS-E),,,,,,,,,Modern Politics & Government (CS),,,,,,,,,______________________,,,,,,,,,______________________,,,,,,,,,________________________________,,,,,,,,,________________________________,,,,,,,,,______________________________,,,,,,,,,,,,,,,,,,,,,,,,,,,,,,
,English Lab-I,________________________________,,,,,,,,,,,,,,,,,,________________________________,,,,,,,,,,,,,,,,,,________________________________,,,,,,,,,,,,,,,,,,___________________________________,,,,,,,,,,,,,,,,,,,,,,,,,,,,,,,,,,,,,,,
,English Lab-II,________________________________,,,,,,,,,,,,,,,,,,________________________________,,,,,,,,,,,,,,,,,,________________________________,,,,,,,,,,,,,,,,,,___________________________________,,,,,,,,,,,,,,,,,,,,,,,,,,,,,,,,,,,,,,,
,Lab(CS-8),________________________________,,,,,,,,,,,,,,,,,,________________________________,,,,,,,,,,,,,,,,,,Computer Programming Lab (CS-1&CS-2),,,,,,,,,,,,,,,,,,___________________________________,,,,,,,,,,,,,,,,,,,,,,,,,,,,,,,,,,,,,,,
,Lab(CS-1),Computer Networks Lab (CS-A1&CS-A2),,,,,,,,,,,,,,,,,,________________________________,,,,,,,,,,,,,,,,,,Database Systems Lab (CS-E1&CS-E2),,,,,,,,,,,,,,,,,,___________________________________,,,,,,,,,,,,,,,,,,,,,,,,,,,,,,,,,,,,,,,
,Lab(CS-4),________________________________,,,,,,,,,,,,,,,,,,________________________________,,,,,,,,,,,,,,,,,,Comp. Org. & Assembly Lang.  Lab (CS-A1&CS-A2),,,,,,,,,,,,,,,,,,___________________________________,,,,,,,,,,,,,,,,,,,,,,,,,,,,,,,,,,,,,,,
,Lab(CS-6),Comp. Org. & Assembly Lang.  Lab (CS-C1&CS-C2),,,,,,,,,,,,,,,,,,________________________________,,,,,,,,,,,,,,,,,,Programming Fundamentals Lab (CS-I1),,,,,,,,,,,,,,,,,,___________________________________,,,,,,,,,,,,,,,,,,,,,,,,,,,,,,,,,,,,,,,
,Lab(CS-9),Operating Systems Lab (CS-E1&CS-E2),,,,,,,,,,,,,,,,,,________________________________,,,,,,,,,,,,,,,,,,Comp. Org. & Assembly Lang.  Lab (CS-B1&CS-B2),,,,,,,,,,,,,,,,,,___________________________________,,,,,,,,,,,,,,,,,,,,,,,,,,,,,,,,,,,,,,,
,Lab(CS-10),Object Oriented Analysis & Design Lab (CS-A1&CS-A2),,,,,,,,,,,,,,,,,,________________________________,,,,,,,,,,,,,,,,,,Computer Networks Lab (CS-B1&CS-B2),,,,,,,,,,,,,,,,,,___________________________________,,,,,,,,,,,,,,,,,,,,,,,,,,,,,,,,,,,,,,,
,Physics Lab,Digital Logic Design Lab (CS-H1) ,,,,,,,,,,,,,,,,,,________________________________,,,,,,,,,,,,,,,,,,Digital Logic Design Lab (CS-G1) ,,,,,,,,,,,,,,,,,,___________________________________,,,,,,,,,,,,,,,,,,,,,,,,,,,,,,,,,,,,,,,
,Micro Lab,Digital Logic Design Lab (CS-H2) ,,,,,,,,,,,,,,,,,,________________________________,,,,,,,,,,,,,,,,,,________________________________,,,,,,,,,,,,,,,,,,___________________________________,,,,,,,,,,,,,,,,,,,,,,,,,,,,,,,,,,,,,,,
,______________________,,,,,,,,,,______________________,,,,,,,,,______________________,,______________________,,,,,,,________________________________,,,,,,,,,________________________________,,,,,,,,,______________________,,______________________,,,,,,,___________________________________,,,,,,,,,______________________________,,,,,,,,,,,,,,,,,,,,,,,,,,,,,,
,______________________,,,,,,,,,,______________________,,,,,,,,,______________________,,______________________,,,,,,,________________________________,,,,,,,,,________________________________,,,,,,,,,______________________,,______________________,,,,,,,___________________________________,,,,,,,,,______________________________,,,,,,,,,,,,,,,,,,,,,,,,,,,,,,
